<liensimple id="l1" xlink:href="http://www.ggogle.co.in">www.ggogle.co.in</liensimple>


<section1 id="s1n1">

<para id="pa1"><alinea></alinea></para>
<para id="pa2"><alinea></alinea></para>
<para id="pa3"><alinea></alinea></para>
<para id="pa4"><alinea></alinea></para>
<para id="pa5"><alinea></alinea></para>
<para id="pa6"><alinea></alinea></para>
<para id="pa7"><alinea></alinea></para>
<para id="pa8"><alinea></alinea></para>
<para id="pa9"><alinea></alinea></para>
<para id="pa10"><alinea></alinea></para>

<grauteur>
<auteur id="au1" typeaut="auteur">
<nompers>
<prenom></prenom>
<nomfamille></nomfamille>
</nompers>
<affiliation><alinea></alinea></affiliation>
</auteur>
</grauteur>


<encadre id="en1" type="1">
<titre></titre>
<alinea></alinea>
</encadre>

<entry align="left" colname="col1" colsep="1" rowsep="1" namest="col1" nameend="col2" morerows="1" valign="bottom"><alinea></alinea></entry>


<partiesann>
<grnote>
<note id="no1">
<no>1</no>
<alinea></alinea>
</note>
</grnote>
</partiesann>

BOLD:

<marquage typemarq="gras"></marquage>


ITALIC:

<marquage typemarq="italique"></marquage>


SMALL CAPS:

<marquage typemarq="petitecap"></marquage>


superscript:

<exposant></exposant>


subscript:

<indice></indice>


UNDERLINE:

<marquage typemarq="souligne"></marquage>


FOOTNOTE:

<renvoi id="re1no1" idref="no1" typeref="note">1</renvoi>


BLOCKQUOTE:

<para id="pa1">
<bloccitation>
<alinea></alinea>
</bloccitation>
</para>






FIGURE:

<figure id="fi1">
<no></no>
<legende lang="fr">
<titre></titre>
</legende>
<objetmedia flot="ligne">
<image id="im1" typeimage="figure" typemime="image:jpeg" xlink:actuate="onLoad" xlink:href="MINES_DANDR_2000_01_0179_im001.jpg" xlink:show="embed" xlink:title="" xlink:type="simple" />
</objetmedia>
</figure>



<objetmedia flot="ligne"><image id="im1" typeimage="figure" typemime="image:jpeg" xlink:actuate="onLoad" xlink:href="MINES_DANDR_2000_01_0179_im001.jpg" xlink:show="embed" xlink:title="" xlink:type="simple" /></objetmedia>





pagebreak:

<np pagenum=""/>


<para id="pa1">
<listenonord signe="nul">
<elemliste><alinea></alinea></elemliste>
</listenonord>
</para>


<para id="pa1">
<listenonord signe="tiret">
<elemliste><alinea></alinea></elemliste>
<elemliste><alinea></alinea></elemliste>
</listenonord>
</para>



<para id="pa1">
<listenonord signe="disque">
<elemliste><alinea></alinea></elemliste>
<elemliste><alinea></alinea></elemliste>
</listenonord>
</para>


<para id="pa1">
<listeord numeration="decimal">
<elemliste><alinea></alinea></elemliste>
<elemliste><alinea></alinea></elemliste>
</listeord>
</para>




<tableau formeprimaire="cals" id="ta1">
<no></no>
<legende lang="fr">
<titre></titre>
</legende>
<table frame="all">
<tgroup cols="2">
<colspec colname="col1" colnum="1" colwidth="33.3%" />
<colspec colname="col2" colnum="2" colwidth="33.3%" />
<colspec colname="col3" colnum="3" colwidth="33.3%" />
<thead>
<row>
<entry align="left" colname="col1" colsep="1" rowsep="1" valign="bottom"></entry>
<entry align="left" colname="col2" colsep="1" rowsep="1" valign="bottom"></entry>
</row>
</thead>
<tbody>
<row>
<entry align="left" colname="col1" colsep="1" rowsep="1" valign="bottom"><alinea></alinea></entry>
<entry align="left" colname="col2" colsep="1" rowsep="1" valign="bottom"><alinea></alinea></entry>
</row>
<row>
<entry align="left" colname="col1" colsep="1" rowsep="1" valign="bottom"><alinea></alinea></entry>
<entry align="left" colname="col2" colsep="1" rowsep="1" valign="bottom"><alinea></alinea></entry>
</row>
</tbody>
</tgroup>
</table>
<objetmedia flot="ligne">
<image id="im1" typeimage="tableau" typemime="image:jpeg" xlink:actuate="onLoad" xlink:href="ELLI_AYMER_2021_01_0101_im001.jpg" xlink:show="embed" xlink:title="" xlink:type="simple" />
</objetmedia>
</tableau>


<section1 id="s1n2">
<titre>Notes</titre>
<figure id="fi1">
<objetmedia flot="ligne">
<image id="im1" typeimage="figure" typemime="image:jpeg" xlink:actuate="onLoad" xlink:href="ELLI_AYMER_2021_01_0101_im001.jpg" xlink:show="embed" xlink:title="" xlink:type="simple" />
</objetmedia>
</figure>
</section1>



table as image

<tableau formeprimaire="image" id="ta1">
<no></no>
<legende lang="fr">
<titre></titre>
</legende>
<objetmedia flot="ligne">
<image id="im1" typeimage="tableau" typemime="image:jpeg" xlink:actuate="onLoad" xlink:href="ELLI_AYMER_2021_01_0101_im001.jpg" xlink:show="embed" xlink:title="" xlink:type="simple" />
</objetmedia>
</tableau>


<partiesann>
<grnote>
<note id="no1">
<no>1</no>
<alinea></alinea>
</note>
</grnote>
</partiesann>




<verbatim typeverb="programme">
<bloc>
<ligne></ligne>
<ligne></ligne>
<ligne></ligne>
</bloc>
</verbatim>


 XML: (Programs as Images)


<verbatim typeverb="programme">
<bloc>
<ligne><objetmedia flot="ligne"><image id="im64" typeimage="figure" typemime="image:jpeg" xlink:actuate="onLoad" xlink:href="DUNOD_GERON_2020_01_0049_im062.jpg" xlink:show="embed" xlink:title="" xlink:type="simple" /></objetmedia></ligne>
</bloc>
</verbatim>




<tableau formeprimaire="image" id="ta1">
<no></no>
<legende lang="fr">
<titre></titre>
</legende>
<objetmedia flot="ligne">
<image id="im1" typeimage="tableau" typemime="image:jpeg" xlink:actuate="onLoad" xlink:href="VUIB_BOUYE_2017_01_0031_im001.jpg" xlink:show="embed" xlink:title="" xlink:type="simple" />
</objetmedia>
</tableau>


<partiesann>
<biblio>
<titre>Bibliographie</titre>
<refbiblio id="rb1"><alinea></alinea></refbiblio>
<refbiblio id="rb2"><alinea></alinea></refbiblio>
<refbiblio id="rb1"><alinea></alinea></refbiblio>
<refbiblio id="rb1"><alinea></alinea></refbiblio>
<refbiblio id="rb1"><alinea></alinea></refbiblio>
<refbiblio id="rb1"><alinea></alinea></refbiblio>
<refbiblio id="rb1"><alinea></alinea></refbiblio>
<refbiblio id="rb1"><alinea></alinea></refbiblio>
<refbiblio id="rb1"><alinea></alinea></refbiblio>
<refbiblio id="rb1"><alinea></alinea></refbiblio>
<refbiblio id="rb1"><alinea></alinea></refbiblio>
<refbiblio id="rb1"><alinea></alinea></refbiblio>
<refbiblio id="rb1"><alinea></alinea></refbiblio>
<refbiblio id="rb1"><alinea></alinea></refbiblio>
<refbiblio id="rb1"><alinea></alinea></refbiblio>
<refbiblio id="rb1"><alinea></alinea></refbiblio>
<refbiblio id="rb1"><alinea></alinea></refbiblio>
<refbiblio id="rb1"><alinea></alinea></refbiblio>
<refbiblio id="rb1"><alinea></alinea></refbiblio>
<refbiblio id="rb1"><alinea></alinea></refbiblio>
<refbiblio id="rb1"><alinea></alinea></refbiblio>
<refbiblio id="rb1"><alinea></alinea></refbiblio>
<refbiblio id="rb1"><alinea></alinea></refbiblio>
<refbiblio id="rb1"><alinea></alinea></refbiblio>
<refbiblio id="rb1"><alinea></alinea></refbiblio>
<refbiblio id="rb1"><alinea></alinea></refbiblio>
<refbiblio id="rb1"><alinea></alinea></refbiblio>
<refbiblio id="rb1"><alinea></alinea></refbiblio>
<refbiblio id="rb1"><alinea></alinea></refbiblio>
<refbiblio id="rb1"><alinea></alinea></refbiblio>
<refbiblio id="rb1"><alinea></alinea></refbiblio>
<refbiblio id="rb1"><alinea></alinea></refbiblio>
<refbiblio id="rb1"><alinea></alinea></refbiblio>
<refbiblio id="rb1"><alinea></alinea></refbiblio>
<refbiblio id="rb1"><alinea></alinea></refbiblio>
<refbiblio id="rb1"><alinea></alinea></refbiblio>
<refbiblio id="rb1"><alinea></alinea></refbiblio>
<refbiblio id="rb1"><alinea></alinea></refbiblio>
<refbiblio id="rb1"><alinea></alinea></refbiblio>
<refbiblio id="rb1"><alinea></alinea></refbiblio>
<refbiblio id="rb1"><alinea></alinea></refbiblio>
<refbiblio id="rb1"><alinea></alinea></refbiblio>
<refbiblio id="rb1"><alinea></alinea></refbiblio>
<refbiblio id="rb1"><alinea></alinea></refbiblio>
<refbiblio id="rb1"><alinea></alinea></refbiblio>
<refbiblio id="rb1"><alinea></alinea></refbiblio>
<refbiblio id="rb1"><alinea></alinea></refbiblio>
<refbiblio id="rb1"><alinea></alinea></refbiblio>
</biblio>
<grnote>
<note id="no1">
<no>1</no>
<alinea></alinea>
</note>
<note id="no2">
<no>2</no>
<alinea></alinea>
</note>
<note id="no3">
<no>3</no>
<alinea></alinea>
</note>
<note id="no4">
<no>4</no>
<alinea></alinea>
</note>
<note id="no5">
<no>5</no>
<alinea></alinea>
</note>
<note id="no6">
<no>6</no>
<alinea></alinea>
</note>
<note id="no7">
<no>7</no>
<alinea></alinea>
</note>
<note id="no8">
<no>8</no>
<alinea></alinea>
</note>
<note id="no9">
<no>9</no>
<alinea></alinea>
</note>
<note id="no10">
<no>10</no>
<alinea></alinea>
</note>
<note id="no11">
<no>11</no>
<alinea></alinea>
</note>
<note id="no12">
<no>12</no>
<alinea></alinea>
</note>
<note id="no13">
<no>13</no>
<alinea></alinea>
</note>
<note id="no14">
<no>14</no>
<alinea></alinea>
</note>
<note id="no15">
<no>15</no>
<alinea></alinea>
</note>
<note id="no16">
<no>16</no>
<alinea></alinea>
</note>
<note id="no17">
<no>17</no>
<alinea></alinea>
</note>
<note id="no18">
<no>18</no>
<alinea></alinea>
</note>
<note id="no19">
<no>19</no>
<alinea></alinea>
</note>
<note id="no20">
<no>20</no>
<alinea></alinea>
</note>
<note id="no21">
<no>21</no>
<alinea></alinea>
</note>
<note id="no22">
<no>22</no>
<alinea></alinea>
</note>
<note id="no23">
<no>23</no>
<alinea></alinea>
</note>
<note id="no24">
<no>24</no>
<alinea></alinea>
</note>
<note id="no25">
<no>25</no>
<alinea></alinea>
</note>
<note id="no26">
<no>26</no>
<alinea></alinea>
</note>
<note id="no27">
<no>27</no>
<alinea></alinea>
</note>
<note id="no28">
<no>28</no>
<alinea></alinea>
</note>
<note id="no29">
<no>29</no>
<alinea></alinea>
</note>
<note id="no30">
<no>30</no>
<alinea></alinea>
</note>
<note id="no31">
<no>31</no>
<alinea></alinea>
</note>
<note id="no32">
<no>32</no>
<alinea></alinea>
</note>
<note id="no33">
<no>33</no>
<alinea></alinea>
</note>
<note id="no34">
<no>34</no>
<alinea></alinea>
</note>
<note id="no35">
<no>35</no>
<alinea></alinea>
</note>
<note id="no36">
<no>36</no>
<alinea></alinea>
</note>
<note id="no37">
<no>37</no>
<alinea></alinea>
</note>
<note id="no38">
<no>38</no>
<alinea></alinea>
</note>
<note id="no39">
<no>39</no>
<alinea></alinea>
</note>
<note id="no40">
<no>40</no>
<alinea></alinea>
</note>
<note id="no41">
<no>41</no>
<alinea></alinea>
</note>
<note id="no42">
<no>42</no>
<alinea></alinea>
</note>
<note id="no43">
<no>43</no>
<alinea></alinea>
</note>
<note id="no44">
<no>44</no>
<alinea></alinea>
</note>
<note id="no45">
<no>45</no>
<alinea></alinea>
</note>
<note id="no46">
<no>46</no>
<alinea></alinea>
</note>
<note id="no47">
<no>47</no>
<alinea></alinea>
</note>
<note id="no48">
<no>48</no>
<alinea></alinea>
</note>
<note id="no49">
<no>49</no>
<alinea></alinea>
</note>
<note id="no50">
<no>50</no>
<alinea></alinea>
</note>
<note id="no51">
<no>51</no>
<alinea></alinea>
</note>
<note id="no52">
<no>52</no>
<alinea></alinea>
</note>
<note id="no53">
<no>53</no>
<alinea></alinea>
</note>
<note id="no54">
<no>54</no>
<alinea></alinea>
</note>
<note id="no55">
<no>55</no>
<alinea></alinea>
</note>
<note id="no56">
<no>56</no>
<alinea></alinea>
</note>
<note id="no57">
<no>57</no>
<alinea></alinea>
</note>
<note id="no58">
<no>58</no>
<alinea></alinea>
</note>
<note id="no59">
<no>59</no>
<alinea></alinea>
</note>
<note id="no60">
<no>60</no>
<alinea></alinea>
</note>
<note id="no61">
<no>61</no>
<alinea></alinea>
</note>
<note id="no62">
<no>62</no>
<alinea></alinea>
</note>
<note id="no63">
<no>63</no>
<alinea></alinea>
</note>
<note id="no64">
<no>64</no>
<alinea></alinea>
</note>
<note id="no65">
<no>65</no>
<alinea></alinea>
</note>
<note id="no66">
<no>66</no>
<alinea></alinea>
</note>
<note id="no67">
<no>67</no>
<alinea></alinea>
</note>
<note id="no68">
<no>68</no>
<alinea></alinea>
</note>
<note id="no69">
<no>69</no>
<alinea></alinea>
</note>
<note id="no70">
<no>70</no>
<alinea></alinea>
</note>
<note id="no71">
<no>71</no>
<alinea></alinea>
</note>
<note id="no72">
<no>72</no>
<alinea></alinea>
</note>
<note id="no73">
<no>73</no>
<alinea></alinea>
</note>
<note id="no74">
<no>74</no>
<alinea></alinea>
</note>
<note id="no75">
<no>75</no>
<alinea></alinea>
</note>
<note id="no76">
<no>76</no>
<alinea></alinea>
</note>
<note id="no77">
<no>77</no>
<alinea></alinea>
</note>
<note id="no78">
<no>78</no>
<alinea></alinea>
</note>
<note id="no79">
<no>79</no>
<alinea></alinea>
</note>
<note id="no80">
<no>80</no>
<alinea></alinea>
</note>
<note id="no81">
<no>81</no>
<alinea></alinea>
</note>
<note id="no82">
<no>82</no>
<alinea></alinea>
</note>
<note id="no83">
<no>83</no>
<alinea></alinea>
</note>
<note id="no84">
<no>84</no>
<alinea></alinea>
</note>
<note id="no85">
<no>85</no>
<alinea></alinea>
</note>
<note id="no86">
<no>86</no>
<alinea></alinea>
</note>
<note id="no87">
<no>87</no>
<alinea></alinea>
</note>
<note id="no88">
<no>88</no>
<alinea></alinea>
</note>
<note id="no89">
<no>89</no>
<alinea></alinea>
</note>
<note id="no90">
<no>90</no>
<alinea></alinea>
</note>
<note id="no91">
<no>91</no>
<alinea></alinea>
</note>
<note id="no92">
<no>92</no>
<alinea></alinea>
</note>
<note id="no93">
<no>93</no>
<alinea></alinea>
</note>
<note id="no94">
<no>94</no>
<alinea></alinea>
</note>
<note id="no95">
<no>95</no>
<alinea></alinea>
</note>
<note id="no96">
<no>96</no>
<alinea></alinea>
</note>
<note id="no97">
<no>97</no>
<alinea></alinea>
</note>
<note id="no98">
<no>98</no>
<alinea></alinea>
</note>
<note id="no99">
<no>99</no>
<alinea></alinea>
</note>
<note id="no100">
<no>100</no>
<alinea></alinea>
</note>
<note id="no101">
<no>101</no>
<alinea></alinea>
</note>
<note id="no102">
<no>102</no>
<alinea></alinea>
</note>
<note id="no103">
<no>103</no>
<alinea></alinea>
</note>
<note id="no104">
<no>104</no>
<alinea></alinea>
</note>
<note id="no105">
<no>105</no>
<alinea></alinea>
</note>
<note id="no106">
<no>106</no>
<alinea></alinea>
</note>
<note id="no107">
<no>107</no>
<alinea></alinea>
</note>
<note id="no108">
<no>108</no>
<alinea></alinea>
</note>
<note id="no109">
<no>109</no>
<alinea></alinea>
</note>
<note id="no110">
<no>110</no>
<alinea></alinea>
</note>
<note id="no111">
<no>111</no>
<alinea></alinea>
</note>
<note id="no112">
<no>112</no>
<alinea></alinea>
</note>
<note id="no113">
<no>113</no>
<alinea></alinea>
</note>
<note id="no114">
<no>114</no>
<alinea></alinea>
</note>
<note id="no115">
<no>115</no>
<alinea></alinea>
</note>
<note id="no116">
<no>116</no>
<alinea></alinea>
</note>
<note id="no117">
<no>117</no>
<alinea></alinea>
</note>
<note id="no118">
<no>118</no>
<alinea></alinea>
</note>
<note id="no119">
<no>119</no>
<alinea></alinea>
</note>
<note id="no120">
<no>120</no>
<alinea></alinea>
</note>
<note id="no121">
<no>121</no>
<alinea></alinea>
</note>
<note id="no122">
<no>122</no>
<alinea></alinea>
</note>
<note id="no123">
<no>123</no>
<alinea></alinea>
</note>
<note id="no124">
<no>124</no>
<alinea></alinea>
</note>
<note id="no125">
<no>125</no>
<alinea></alinea>
</note>
<note id="no126">
<no>126</no>
<alinea></alinea>
</note>
<note id="no127">
<no>127</no>
<alinea></alinea>
</note>
<note id="no128">
<no>128</no>
<alinea></alinea>
</note>
<note id="no129">
<no>129</no>
<alinea></alinea>
</note>
<note id="no130">
<no>130</no>
<alinea></alinea>
</note>
<note id="no131">
<no>131</no>
<alinea></alinea>
</note>
<note id="no132">
<no>132</no>
<alinea></alinea>
</note>
<note id="no133">
<no>133</no>
<alinea></alinea>
</note>
<note id="no134">
<no>134</no>
<alinea></alinea>
</note>
<note id="no135">
<no>135</no>
<alinea></alinea>
</note>
<note id="no136">
<no>136</no>
<alinea></alinea>
</note>
<note id="no137">
<no>137</no>
<alinea></alinea>
</note>
<note id="no138">
<no>138</no>
<alinea></alinea>
</note>
<note id="no139">
<no>139</no>
<alinea></alinea>
</note>
<note id="no140">
<no>140</no>
<alinea></alinea>
</note>
<note id="no141">
<no>141</no>
<alinea></alinea>
</note>
<note id="no142">
<no>142</no>
<alinea></alinea>
</note>
<note id="no143">
<no>143</no>
<alinea></alinea>
</note>
<note id="no144">
<no>144</no>
<alinea></alinea>
</note>
<note id="no145">
<no>145</no>
<alinea></alinea>
</note>
<note id="no146">
<no>146</no>
<alinea></alinea>
</note>
<note id="no147">
<no>147</no>
<alinea></alinea>
</note>
<note id="no148">
<no>148</no>
<alinea></alinea>
</note>
<note id="no149">
<no>149</no>
<alinea></alinea>
</note>
<note id="no150">
<no>150</no>
<alinea></alinea>
</note>
<note id="no151">
<no>151</no>
<alinea></alinea>
</note>
<note id="no152">
<no>152</no>
<alinea></alinea>
</note>
<note id="no153">
<no>153</no>
<alinea></alinea>
</note>
<note id="no154">
<no>154</no>
<alinea></alinea>
</note>
<note id="no155">
<no>155</no>
<alinea></alinea>
</note>
<note id="no156">
<no>156</no>
<alinea></alinea>
</note>
<note id="no157">
<no>157</no>
<alinea></alinea>
</note>
<note id="no158">
<no>158</no>
<alinea></alinea>
</note>
<note id="no159">
<no>159</no>
<alinea></alinea>
</note>
<note id="no160">
<no>160</no>
<alinea></alinea>
</note>
<note id="no161">
<no>161</no>
<alinea></alinea>
</note>
<note id="no162">
<no>162</no>
<alinea></alinea>
</note>
<note id="no163">
<no>163</no>
<alinea></alinea>
</note>
<note id="no164">
<no>164</no>
<alinea></alinea>
</note>
<note id="no165">
<no>165</no>
<alinea></alinea>
</note>
<note id="no166">
<no>166</no>
<alinea></alinea>
</note>
<note id="no167">
<no>167</no>
<alinea></alinea>
</note>
<note id="no168">
<no>168</no>
<alinea></alinea>
</note>
<note id="no169">
<no>169</no>
<alinea></alinea>
</note>
<note id="no170">
<no>170</no>
<alinea></alinea>
</note>
<note id="no171">
<no>171</no>
<alinea></alinea>
</note>
<note id="no172">
<no>172</no>
<alinea></alinea>
</note>
<note id="no173">
<no>173</no>
<alinea></alinea>
</note>
<note id="no174">
<no>174</no>
<alinea></alinea>
</note>
<note id="no175">
<no>175</no>
<alinea></alinea>
</note>
<note id="no176">
<no>176</no>
<alinea></alinea>
</note>
<note id="no177">
<no>177</no>
<alinea></alinea>
</note>
<note id="no178">
<no>178</no>
<alinea></alinea>
</note>
<note id="no179">
<no>179</no>
<alinea></alinea>
</note>
<note id="no180">
<no>180</no>
<alinea></alinea>
</note>
<note id="no181">
<no>181</no>
<alinea></alinea>
</note>
<note id="no182">
<no>182</no>
<alinea></alinea>
</note>
<note id="no183">
<no>183</no>
<alinea></alinea>
</note>
<note id="no184">
<no>184</no>
<alinea></alinea>
</note>
<note id="no185">
<no>185</no>
<alinea></alinea>
</note>
<note id="no186">
<no>186</no>
<alinea></alinea>
</note>
<note id="no187">
<no>187</no>
<alinea></alinea>
</note>
<note id="no188">
<no>188</no>
<alinea></alinea>
</note>
<note id="no189">
<no>189</no>
<alinea></alinea>
</note>
<note id="no190">
<no>190</no>
<alinea></alinea>
</note>
<note id="no191">
<no>191</no>
<alinea></alinea>
</note>
<note id="no192">
<no>192</no>
<alinea></alinea>
</note>
<note id="no193">
<no>193</no>
<alinea></alinea>
</note>
<note id="no194">
<no>194</no>
<alinea></alinea>
</note>
<note id="no195">
<no>195</no>
<alinea></alinea>
</note>
<note id="no196">
<no>196</no>
<alinea></alinea>
</note>
</grnote>
</partiesann>
</article>






1
2
3
4
5
6
7
8
9
10 
11
12
13
14
15
16
17
18
19
20
21
22
23
24
25
26
27
28
29
30
31
32
33
34
35
36
37
38
39
40
41
42
43
44
45
46
47
48
49
50
51
52
53
54
55
56
57
58
59
60
61
62
63
64
65
66
67
68
69
70
71
72
73
74
75
76
77
78
79
80
81
82
83
84
85
86
87
88
89
90
91
92
93
94
95
96
97
98
99



<figure id="fi1">
<no>Figure 1</no>
<legende lang="fr">
<titre>The RAIF’s key features contrasted with its directly-supervised counterparts, the SIF and the SICAR</titre>
</legende>
<objetmedia flot="ligne">
<image id="im1" typeimage="figure" typemime="image:jpeg" xlink:actuate="onLoad" xlink:href="EIFR_002_0001_im001.jpg" xlink:show="embed" xlink:title="" xlink:type="simple" />
</objetmedia>
<source>*SIFs and SICARs managed by Authorised AIFMs are also subject to AIFM-level supervision per the AIFMD</source>
</figure>


<section1 id="s1n1">
<para id="pa1">
<listeord numeration="decimal" compteur="143">


</listeord>
</para>

5 images
<objetmedia flot="ligne"><image id="im1" typeimage="figure" typemime="image:jpeg" xlink:actuate="onLoad" xlink:href="EIFR_002_0001_im004.jpg" xlink:show="embed" xlink:title="" xlink:type="simple" /></objetmedia>

4 images
<objetmedia flot="ligne"><image id="im1" typeimage="figure" typemime="image:jpeg" xlink:actuate="onLoad" xlink:href="EIFR_002_0001_im002.jpg" xlink:show="embed" xlink:title="" xlink:type="simple" /></objetmedia>

3 images
<objetmedia flot="ligne"><image id="im1" typeimage="figure" typemime="image:jpeg" xlink:actuate="onLoad" xlink:href="EIFR_002_0001_im003.jpg" xlink:show="embed" xlink:title="" xlink:type="simple" /></objetmedia>