<?xml version="1.0" encoding="UTF-8"?>
<article xmlns:xlink="http://www.w3.org/1999/xlink" idproprio="CF_HWANG_2022_01_0001" lang="fr" traitement="ouvcol" typeart="article">
<admin>
<infoarticle>
<idpublic norme="doi"/>
<tri>CF_HWANG_2022_01_0001</tri>
<pagination>
<ppage>1</ppage>
<dpage>5</dpage>
</pagination>
<nbpage>5</nbpage>
</infoarticle>
<ouvrage id="CF_HWANG_2022_01">
<titreouv lang="fr">Le grand krach de l&#x2019;attention</titreouv>
<soustitreouv lang="fr">La publicit&#x00E9;, une bombe au c&#x0153;ur de l&#x2019;internet</soustitreouv>
<collection>
<titre>Soci&#x00E9;t&#x00E9; num&#x00E9;rique</titre>
</collection>
<pub>
<annee>2022</annee>
</pub>
<pubnum>
<date>20220214</date>
</pubnum>
<grauteur>
<auteur id="co1">
<nompers>
<prenom>Tim</prenom>
<nomfamille>Hwang</nomfamille>
</nompers>
</auteur>
</grauteur>
<idisbn>9782376620358</idisbn>
</ouvrage>
<editeur id="CF">
<nomorg>C&#x0026;F</nomorg>
</editeur>
<prodnum id="CairnP">
<nomorg>Cairn/Cairn</nomorg>
</prodnum>
<diffnum id="CairnD">
<nomorg>Cairn</nomorg>
</diffnum>
<dtd nom="Erudit Article" version="vCairn 2.4"/>
<droitsauteur>&#x00A9; <nomorg>C&#x0026;F</nomorg> &#x00E9;ditions, f&#x00E9;vrier 2022</droitsauteur>
</admin>
<liminaire>
<grtitre>
<titre>Pages de d&#x00E9;but</titre>
</grtitre>
</liminaire>
<corps>
<section1 id="s1n1"/>
</corps>
</article>